frame,timestamp_sec,occupancy,max_occupancy_so_far
0,0.0,0,0
1,0.033,0,0
2,0.067,0,0
3,0.1,0,0
4,0.133,0,0
5,0.166,0,0
6,0.2,0,0
7,0.233,0,0
8,0.266,0,0
9,0.3,0,0
10,0.333,0,0
11,0.366,0,0
12,0.399,0,0
13,0.433,0,0
14,0.466,0,0
15,0.499,0,0
16,0.532,0,0
17,0.566,0,0
18,0.599,0,0
19,0.632,0,0
20,0.666,0,0
21,0.699,0,0
22,0.732,0,0
23,0.765,0,0
24,0.799,0,0
25,0.832,0,0
26,0.865,0,0
27,0.899,0,0
28,0.932,0,0
29,0.965,0,0
30,0.998,0,0
31,1.032,0,0
32,1.065,0,0
33,1.098,0,0
34,1.132,0,0
35,1.165,0,0
36,1.198,0,0
37,1.231,0,0
38,1.265,0,0
39,1.298,0,0
40,1.331,0,0
41,1.364,0,0
42,1.398,0,0
43,1.431,0,0
44,1.464,0,0
45,1.498,0,0
46,1.531,0,0
47,1.564,0,0
48,1.597,0,0
49,1.631,0,0
50,1.664,0,0
51,1.697,0,0
52,1.731,0,0
53,1.764,0,0
54,1.797,0,0
55,1.83,0,0
56,1.864,0,0
57,1.897,0,0
58,1.93,0,0
59,1.964,0,0
60,1.997,0,0
61,2.03,0,0
62,2.063,0,0
63,2.097,0,0
64,2.13,0,0
65,2.163,0,0
66,2.196,0,0
67,2.23,0,0
68,2.263,0,0
69,2.296,0,0
70,2.33,0,0
71,2.363,0,0
72,2.396,0,0
73,2.429,0,0
74,2.463,0,0
75,2.496,0,0
76,2.529,0,0
77,2.563,0,0
78,2.596,0,0
79,2.629,0,0
80,2.662,0,0
81,2.696,0,0
82,2.729,0,0
83,2.762,0,0
84,2.796,0,0
85,2.829,0,0
86,2.862,0,0
87,2.895,0,0
88,2.929,0,0
89,2.962,0,0
90,2.995,0,0
91,3.028,0,0
92,3.062,0,0
93,3.095,0,0
94,3.128,0,0
95,3.162,0,0
96,3.195,0,0
97,3.228,0,0
98,3.261,0,0
99,3.295,0,0
100,3.328,0,0
101,3.361,0,0
102,3.395,0,0
103,3.428,0,0
104,3.461,0,0
105,3.494,0,0
106,3.528,0,0
107,3.561,0,0
108,3.594,0,0
109,3.628,0,0
110,3.661,0,0
111,3.694,0,0
112,3.727,0,0
113,3.761,0,0
114,3.794,0,0
115,3.827,0,0
116,3.86,0,0
117,3.894,0,0
118,3.927,0,0
119,3.96,1,1
120,3.994,1,1
121,4.027,1,1
122,4.06,1,1
123,4.093,1,1
124,4.127,1,1
125,4.16,1,1
126,4.193,1,1
127,4.227,1,1
128,4.26,1,1
129,4.293,1,1
130,4.326,1,1
131,4.36,1,1
132,4.393,1,1
133,4.426,1,1
134,4.46,1,1
135,4.493,1,1
136,4.526,1,1
137,4.559,1,1
138,4.593,1,1
139,4.626,1,1
140,4.659,1,1
141,4.692,1,1
142,4.726,1,1
143,4.759,1,1
144,4.792,1,1
145,4.826,1,1
146,4.859,1,1
147,4.892,1,1
148,4.925,1,1
149,4.959,1,1
150,4.992,1,1
151,5.025,1,1
152,5.059,1,1
153,5.092,1,1
154,5.125,1,1
155,5.158,1,1
156,5.192,1,1
157,5.225,1,1
158,5.258,1,1
159,5.292,1,1
160,5.325,1,1
161,5.358,1,1
162,5.391,1,1
163,5.425,1,1
164,5.458,1,1
165,5.491,1,1
166,5.524,1,1
167,5.558,1,1
168,5.591,1,1
169,5.624,1,1
170,5.658,1,1
171,5.691,1,1
172,5.724,1,1
173,5.757,1,1
174,5.791,1,1
175,5.824,1,1
176,5.857,1,1
177,5.891,1,1
178,5.924,1,1
179,5.957,1,1
180,5.99,1,1
181,6.024,1,1
182,6.057,1,1
183,6.09,1,1
184,6.124,1,1
185,6.157,1,1
186,6.19,1,1
187,6.223,1,1
188,6.257,1,1
189,6.29,1,1
190,6.323,1,1
191,6.356,1,1
192,6.39,1,1
193,6.423,1,1
194,6.456,1,1
195,6.49,1,1
196,6.523,1,1
197,6.556,1,1
198,6.589,1,1
199,6.623,1,1
200,6.656,1,1
201,6.689,1,1
202,6.723,1,1
203,6.756,1,1
204,6.789,1,1
205,6.822,1,1
206,6.856,1,1
207,6.889,1,1
208,6.922,1,1
209,6.956,1,1
210,6.989,1,1
211,7.022,1,1
212,7.055,1,1
213,7.089,1,1
214,7.122,1,1
215,7.155,1,1
216,7.189,1,1
217,7.222,1,1
218,7.255,1,1
219,7.288,1,1
220,7.322,1,1
221,7.355,1,1
222,7.388,1,1
223,7.421,1,1
224,7.455,1,1
225,7.488,1,1
226,7.521,1,1
227,7.555,1,1
228,7.588,1,1
229,7.621,1,1
230,7.654,1,1
231,7.688,1,1
232,7.721,1,1
233,7.754,1,1
234,7.788,1,1
235,7.821,1,1
236,7.854,1,1
237,7.887,1,1
238,7.921,1,1
239,7.954,1,1
240,7.987,1,1
241,8.021,1,1
242,8.054,1,1
243,8.087,1,1
244,8.12,1,1
245,8.154,1,1
246,8.187,1,1
247,8.22,1,1
248,8.253,1,1
249,8.287,1,1
250,8.32,1,1
251,8.353,1,1
252,8.387,1,1
253,8.42,1,1
254,8.453,1,1
255,8.486,1,1
256,8.52,1,1
257,8.553,1,1
258,8.586,1,1
259,8.62,1,1
260,8.653,1,1
261,8.686,1,1
262,8.719,1,1
263,8.753,1,1
264,8.786,1,1
265,8.819,1,1
266,8.853,1,1
267,8.886,1,1
268,8.919,1,1
269,8.952,1,1
270,8.986,1,1
271,9.019,1,1
272,9.052,1,1
273,9.085,1,1
274,9.119,1,1
275,9.152,1,1
276,9.185,1,1
277,9.219,1,1
278,9.252,1,1
279,9.285,1,1
280,9.318,1,1
281,9.352,1,1
282,9.385,1,1
283,9.418,1,1
284,9.452,1,1
285,9.485,1,1
286,9.518,1,1
287,9.551,1,1
288,9.585,1,1
289,9.618,1,1
290,9.651,1,1
291,9.685,1,1
292,9.718,1,1
293,9.751,1,1
294,9.784,1,1
295,9.818,1,1
296,9.851,1,1
297,9.884,1,1
298,9.917,1,1
299,9.951,1,1
300,9.984,1,1
301,10.017,1,1
302,10.051,1,1
303,10.084,1,1
304,10.117,1,1
305,10.15,1,1
306,10.184,1,1
307,10.217,1,1
308,10.25,1,1
309,10.284,1,1
310,10.317,1,1
311,10.35,1,1
312,10.383,1,1
313,10.417,1,1
314,10.45,1,1
315,10.483,1,1
316,10.517,1,1
317,10.55,1,1
318,10.583,1,1
319,10.616,1,1
320,10.65,1,1
321,10.683,1,1
322,10.716,1,1
323,10.749,1,1
324,10.783,1,1
325,10.816,1,1
326,10.849,1,1
327,10.883,1,1
328,10.916,1,1
329,10.949,1,1
330,10.982,1,1
331,11.016,1,1
332,11.049,1,1
333,11.082,1,1
334,11.116,1,1
335,11.149,1,1
336,11.182,1,1
337,11.215,1,1
338,11.249,1,1
339,11.282,1,1
340,11.315,1,1
341,11.349,1,1
342,11.382,1,1
343,11.415,1,1
344,11.448,1,1
345,11.482,1,1
346,11.515,1,1
347,11.548,1,1
348,11.581,1,1
349,11.615,1,1
350,11.648,1,1
351,11.681,1,1
352,11.715,1,1
353,11.748,1,1
354,11.781,1,1
355,11.814,1,1
356,11.848,1,1
357,11.881,1,1
358,11.914,1,1
359,11.948,1,1
360,11.981,1,1
361,12.014,1,1
362,12.047,1,1
363,12.081,1,1
364,12.114,1,1
365,12.147,1,1
366,12.181,1,1
367,12.214,1,1
368,12.247,1,1
369,12.28,1,1
370,12.314,1,1
371,12.347,1,1
372,12.38,1,1
373,12.413,1,1
374,12.447,1,1
375,12.48,1,1
376,12.513,1,1
377,12.547,1,1
378,12.58,1,1
379,12.613,1,1
380,12.646,1,1
381,12.68,1,1
382,12.713,1,1
383,12.746,1,1
384,12.78,1,1
385,12.813,1,1
386,12.846,1,1
387,12.879,1,1
388,12.913,1,1
389,12.946,1,1
390,12.979,1,1
391,13.013,1,1
392,13.046,1,1
393,13.079,1,1
394,13.112,1,1
395,13.146,1,1
396,13.179,1,1
397,13.212,1,1
398,13.245,1,1
399,13.279,1,1
400,13.312,1,1
401,13.345,1,1
402,13.379,1,1
403,13.412,1,1
404,13.445,1,1
405,13.478,1,1
406,13.512,1,1
407,13.545,1,1
408,13.578,1,1
409,13.612,1,1
410,13.645,1,1
411,13.678,1,1
412,13.711,1,1
413,13.745,1,1
414,13.778,1,1
415,13.811,1,1
416,13.845,1,1
417,13.878,1,1
418,13.911,1,1
419,13.944,1,1
420,13.978,1,1
421,14.011,1,1
422,14.044,1,1
423,14.077,1,1
424,14.111,1,1
425,14.144,1,1
426,14.177,1,1
427,14.211,1,1
428,14.244,1,1
429,14.277,1,1
430,14.31,1,1
431,14.344,1,1
432,14.377,1,1
433,14.41,1,1
434,14.444,1,1
435,14.477,1,1
436,14.51,1,1
437,14.543,1,1
438,14.577,1,1
439,14.61,1,1
440,14.643,1,1
441,14.677,1,1
442,14.71,1,1
443,14.743,1,1
444,14.776,1,1
445,14.81,1,1
446,14.843,1,1
447,14.876,1,1
448,14.909,1,1
449,14.943,1,1
450,14.976,1,1
451,15.009,1,1
452,15.043,1,1
453,15.076,1,1
454,15.109,1,1
455,15.142,1,1
456,15.176,1,1
457,15.209,1,1
458,15.242,1,1
459,15.276,1,1
460,15.309,1,1
461,15.342,1,1
462,15.375,1,1
463,15.409,1,1
464,15.442,1,1
465,15.475,1,1
466,15.509,1,1
467,15.542,1,1
468,15.575,1,1
469,15.608,1,1
470,15.642,1,1
471,15.675,1,1
472,15.708,1,1
473,15.741,1,1
474,15.775,1,1
475,15.808,1,1
476,15.841,1,1
477,15.875,1,1
478,15.908,1,1
479,15.941,1,1
480,15.974,1,1
481,16.008,1,1
482,16.041,1,1
483,16.074,1,1
484,16.108,1,1
485,16.141,1,1
486,16.174,1,1
487,16.207,1,1
488,16.241,1,1
489,16.274,1,1
490,16.307,1,1
491,16.341,1,1
492,16.374,1,1
493,16.407,1,1
494,16.44,1,1
495,16.474,1,1
496,16.507,1,1
497,16.54,1,1
498,16.573,1,1
499,16.607,1,1
500,16.64,1,1
501,16.673,1,1
502,16.707,1,1
503,16.74,1,1
504,16.773,1,1
505,16.806,1,1
506,16.84,1,1
507,16.873,1,1
508,16.906,1,1
509,16.94,1,1
510,16.973,1,1
511,17.006,1,1
512,17.039,1,1
513,17.073,1,1
514,17.106,1,1
515,17.139,1,1
516,17.173,1,1
517,17.206,1,1
518,17.239,1,1
519,17.272,1,1
520,17.306,1,1
521,17.339,1,1
522,17.372,1,1
523,17.405,1,1
524,17.439,1,1
525,17.472,1,1
526,17.505,1,1
527,17.539,1,1
528,17.572,1,1
529,17.605,1,1
530,17.638,1,1
531,17.672,1,1
532,17.705,1,1
533,17.738,1,1
534,17.772,1,1
535,17.805,1,1
536,17.838,1,1
537,17.871,1,1
538,17.905,1,1
539,17.938,1,1
540,17.971,1,1
541,18.005,1,1
542,18.038,1,1
543,18.071,1,1
544,18.104,1,1
545,18.138,1,1
546,18.171,1,1
547,18.204,1,1
548,18.237,1,1
549,18.271,1,1
550,18.304,1,1
551,18.337,1,1
552,18.371,1,1
553,18.404,1,1
554,18.437,1,1
555,18.47,1,1
556,18.504,1,1
557,18.537,1,1
558,18.57,1,1
559,18.604,1,1
560,18.637,1,1
561,18.67,1,1
562,18.703,1,1
563,18.737,1,1
564,18.77,1,1
565,18.803,1,1
566,18.837,1,1
567,18.87,1,1
568,18.903,1,1
569,18.936,1,1
570,18.97,1,1
571,19.003,1,1
572,19.036,1,1
573,19.069,1,1
574,19.103,1,1
575,19.136,1,1
576,19.169,1,1
577,19.203,1,1
578,19.236,1,1
579,19.269,1,1
580,19.302,1,1
581,19.336,1,1
582,19.369,1,1
583,19.402,1,1
584,19.436,1,1
585,19.469,1,1
586,19.502,1,1
587,19.535,1,1
588,19.569,1,1
589,19.602,1,1
590,19.635,1,1
591,19.669,1,1
592,19.702,1,1
593,19.735,1,1
594,19.768,1,1
595,19.802,1,1
596,19.835,1,1
597,19.868,1,1
598,19.901,1,1
599,19.935,1,1
600,19.968,1,1
601,20.001,1,1
602,20.035,1,1
603,20.068,1,1
604,20.101,1,1
605,20.134,1,1
606,20.168,1,1
607,20.201,1,1
608,20.234,1,1
609,20.268,1,1
610,20.301,1,1
611,20.334,1,1
612,20.367,1,1
613,20.401,1,1
614,20.434,1,1
615,20.467,1,1
616,20.501,1,1
617,20.534,1,1
618,20.567,1,1
619,20.6,1,1
620,20.634,1,1
621,20.667,1,1
622,20.7,1,1
623,20.733,1,1
624,20.767,0,1
625,20.8,0,1
626,20.833,0,1
627,20.867,0,1
628,20.9,0,1
629,20.933,0,1
630,20.966,0,1
631,21.0,0,1
632,21.033,0,1
633,21.066,0,1
634,21.1,0,1
635,21.133,0,1
636,21.166,0,1
637,21.199,0,1
638,21.233,0,1
639,21.266,0,1
640,21.299,0,1
641,21.333,0,1
642,21.366,0,1
643,21.399,0,1
644,21.432,0,1
645,21.466,0,1
646,21.499,0,1
647,21.532,0,1
648,21.566,0,1
649,21.599,0,1
650,21.632,0,1
651,21.665,0,1
652,21.699,0,1
653,21.732,0,1
654,21.765,0,1
655,21.798,0,1
656,21.832,0,1
657,21.865,0,1
658,21.898,0,1
659,21.932,0,1
660,21.965,0,1
661,21.998,0,1
662,22.031,0,1
663,22.065,0,1
664,22.098,0,1
665,22.131,0,1
666,22.165,0,1
667,22.198,0,1
668,22.231,0,1
669,22.264,0,1
670,22.298,0,1
671,22.331,0,1
672,22.364,0,1
673,22.398,0,1
674,22.431,0,1
675,22.464,0,1
676,22.497,0,1
677,22.531,0,1
678,22.564,0,1
679,22.597,0,1
680,22.63,0,1
681,22.664,0,1
682,22.697,0,1
683,22.73,0,1
684,22.764,0,1
685,22.797,0,1
686,22.83,0,1
687,22.863,0,1
688,22.897,0,1
689,22.93,0,1
690,22.963,0,1
691,22.997,0,1
692,23.03,0,1
693,23.063,0,1
694,23.096,0,1
695,23.13,0,1
696,23.163,0,1
697,23.196,0,1
698,23.23,0,1
699,23.263,0,1
700,23.296,0,1
701,23.329,0,1
702,23.363,0,1
703,23.396,0,1
704,23.429,0,1
705,23.462,0,1
706,23.496,0,1
707,23.529,0,1
708,23.562,0,1
709,23.596,0,1
710,23.629,0,1
711,23.662,0,1
712,23.695,0,1
713,23.729,0,1
714,23.762,0,1
715,23.795,0,1
716,23.829,0,1
717,23.862,0,1
718,23.895,0,1
